{"code-base-name": "notes_app_frontend", "description": "", "sources": [{"code-base-name": "notes_app_frontend", "file_id": 1, "knowledge_revision": 2, "git_revision": "0b4693d6476bf85e064e8e74be6237dc4fbf40f3"}, {"code-base-name": "notes_app_frontend", "file_id": 5, "knowledge_revision": 6, "git_revision": ""}, {"code-base-name": "notes_app_frontend", "file_id": 6, "knowledge_revision": 7, "git_revision": ""}, {"code-base-name": "notes_app_frontend", "file_id": 8, "knowledge_revision": 26, "git_revision": "e0b1f8a4757e6bdb745336fb8ec02e6b2cd99254"}, {"code-base-name": "notes_app_frontend", "file_id": 7, "knowledge_revision": 9, "git_revision": ""}, {"code-base-name": "notes_app_frontend", "file_id": 11, "knowledge_revision": 23, "git_revision": "e0b1f8a4757e6bdb745336fb8ec02e6b2cd99254"}], "filename": "README.md", "knowledge_revision": 30}