{"is_source_file": false, "format": "", "description": "", "external_files": [], "external_methods": [], "published": [], "classes": [], "methods": [], "calls": [], "search-terms": [], "state": 2, "file_id": 13, "knowledge_revision": 33, "git_revision": "52a7ade65b377b2af5cf7d29e81e11abeb99cbed", "hash": "7a968459433886eff5eda668ad106c6c", "format-version": 4, "code-base-name": "notes_app_frontend", "filename": "kavia-docs/README.md", "revision_history": [{"33": "52a7ade65b377b2af5cf7d29e81e11abeb99cbed"}]}