{"is_source_file": false, "format": "", "description": "", "external_files": [], "external_methods": [], "published": [], "classes": [], "methods": [], "calls": [], "search-terms": [], "state": 2, "file_id": 5, "knowledge_revision": 31, "git_revision": "b3ad75d0c20d0eb9118e22ee5bd3d9633b686224", "hash": "f9a9fff2ee807789bd7dfbb51833a132", "format-version": 4, "code-base-name": "notes_app_frontend", "filename": "notes_app_frontend/README.md", "revision_history": [{"31": "b3ad75d0c20d0eb9118e22ee5bd3d9633b686224"}]}