{"is_source_file": false, "format": "", "description": "", "external_files": [], "external_methods": [], "published": [], "classes": [], "methods": [], "calls": [], "search-terms": [], "state": 2, "file_id": 5, "knowledge_revision": 17, "git_revision": "e0b1f8a4757e6bdb745336fb8ec02e6b2cd99254", "hash": "ebece526bc2eadd78ddd787a76c56607", "format-version": 4, "code-base-name": "notes_app_frontend", "filename": "notes_app_frontend/README.md", "revision_history": [{"17": "e0b1f8a4757e6bdb745336fb8ec02e6b2cd99254"}]}