{"is_source_file": false, "format": "", "description": "", "external_files": [], "external_methods": [], "published": [], "classes": [], "methods": [], "calls": [], "search-terms": [], "state": 2, "file_id": 6, "knowledge_revision": 19, "git_revision": "e0b1f8a4757e6bdb745336fb8ec02e6b2cd99254", "hash": "d001d53c059625c4bcf75bf5a7f3fcf0", "format-version": 4, "code-base-name": "notes_app_frontend", "filename": "notes_app_frontend/package.json", "revision_history": [{"19": "e0b1f8a4757e6bdb745336fb8ec02e6b2cd99254"}]}