{"is_source_file": false, "format": "", "description": "", "external_files": [], "external_methods": [], "published": [], "classes": [], "methods": [], "calls": [], "search-terms": [], "state": 2, "file_id": 3, "knowledge_revision": 14, "git_revision": "e0b1f8a4757e6bdb745336fb8ec02e6b2cd99254", "hash": "d2b40d02d5f7873d8a6713bad837edd4", "format-version": 4, "code-base-name": "notes_app_frontend", "filename": "notes_app_frontend/public/index.html", "revision_history": [{"14": "e0b1f8a4757e6bdb745336fb8ec02e6b2cd99254"}]}