{"is_source_file": false, "format": "", "description": "", "external_files": [], "external_methods": [], "published": [], "classes": [], "methods": [], "calls": [], "search-terms": [], "state": 2, "file_id": 4, "knowledge_revision": 20, "git_revision": "e0b1f8a4757e6bdb745336fb8ec02e6b2cd99254", "hash": "d9d975cebe2ec20b6c652e1e4c12ccf0", "format-version": 4, "code-base-name": "notes_app_frontend", "filename": "notes_app_frontend/public/manifest.json", "revision_history": [{"20": "e0b1f8a4757e6bdb745336fb8ec02e6b2cd99254"}]}