{"is_source_file": true, "format": "JavaScript", "description": "Test setup file for configuring Jest with custom DOM matchers provided by '@testing-library/jest-dom'.", "external_files": ["@testing-library/jest-dom"], "external_methods": [], "published": [], "classes": [], "methods": [], "calls": ["import '@testing-library/jest-dom'"], "search-terms": ["setupTests.js", "jest-dom", "testing-library", "Jest setup"], "state": 2, "file_id": 11, "knowledge_revision": 23, "git_revision": "e0b1f8a4757e6bdb745336fb8ec02e6b2cd99254", "ctags": [], "hash": "1a77571e1a8cf36018a41bcedf60db75", "format-version": 4, "code-base-name": "notes_app_frontend", "filename": "notes_app_frontend/src/setupTests.js", "revision_history": [{"23": "e0b1f8a4757e6bdb745336fb8ec02e6b2cd99254"}]}