{"is_source_file": false, "format": "", "description": "", "external_files": [], "external_methods": [], "published": [], "classes": [], "methods": [], "calls": [], "search-terms": [], "state": 2, "file_id": 12, "knowledge_revision": 27, "git_revision": "e0b1f8a4757e6bdb745336fb8ec02e6b2cd99254", "hash": "fb934a37868a3d882e068dd08eb44049", "format-version": 4, "code-base-name": "notes_app_frontend", "filename": "notes_app_frontend/src/App.css", "revision_history": [{"27": "e0b1f8a4757e6bdb745336fb8ec02e6b2cd99254"}]}