{"is_source_file": true, "format": "JavaScript (React JSX)", "description": "This is a React component defining a simple notes application frontend, managing local storage, note creation, deletion, editing, and search functionalities.", "external_files": ["./App.css"], "external_methods": ["localStorage.getItem", "localStorage.setItem", "window.confirm", "window.requestAnimationFrame"], "published": ["App"], "classes": [], "methods": [{"name": "createId()", "description": "Creates a stable-ish unique identifier for notes, using crypto.randomUUID when available.", "scope": "", "scopeKind": ""}, {"name": "safeParseJson(value, fallback)", "description": "Safely parses JSON strings, returning a fallback value on failure.", "scope": "", "scopeKind": ""}, {"name": "formatTimestamp(ts)", "description": "Formats timestamp into locale-specific string, or returns an em dash if invalid.", "scope": "", "scopeKind": ""}, {"name": "makePreview(text, maxLen = 140)", "description": "Generates a plain-text preview string from note content, with optional length limit.", "scope": "", "scopeKind": ""}, {"name": "sortNotes(notes)", "description": "Sorts an array of notes with the most recently updated first.", "scope": "", "scopeKind": ""}, {"name": "App()", "description": "Main React component managing state and UI for a local notes app.", "scope": "", "scopeKind": ""}, {"name": "handleCreateNote", "description": "Creates a new note and sets it as selected."}, {"name": "handleDeleteNote", "description": "Deletes a note after user confirmation, updates selection if needed."}, {"name": "handleSave", "description": "Saves the current draft content and title into the notes state, updating the 'updatedAt' timestamp."}, {"name": "handleDiscard", "description": "Reverts the draft title and content to the selected note\u2019s original values."}], "calls": ["localStorage.getItem", "localStorage.setItem", "window.confirm", "window.requestAnimationFrame", "setNotes", "setSelectedId", "setQuery", "setDraftTitle", "setDraftContent", "setIsDirty", "sortNotes", "useState", "useEffect", "useMemo"], "search-terms": ["React notes app", "local storage notes", "note creation", "note deletion", "note editing", "search notes", "note sorting", "timestamp formatting", "draft state", "unique id generation"], "state": 2, "file_id": 8, "knowledge_revision": 26, "git_revision": "e0b1f8a4757e6bdb745336fb8ec02e6b2cd99254", "revision_history": [{"25": "e0b1f8a4757e6bdb745336fb8ec02e6b2cd99254"}, {"26": "e0b1f8a4757e6bdb745336fb8ec02e6b2cd99254"}], "ctags": [{"_type": "tag", "name": "App", "path": "/home/kavia/workspace/code-generation/simple-notes-320658-320667/notes_app_frontend/src/App.js", "pattern": "/^function App() {$/", "language": "JavaScript", "kind": "function", "signature": "()"}, {"_type": "tag", "name": "STORAGE_KEY", "path": "/home/kavia/workspace/code-generation/simple-notes-320658-320667/notes_app_frontend/src/App.js", "pattern": "/^const STORAGE_KEY = \"simple-notes.notes.v1\";$/", "language": "JavaScript", "kind": "constant"}, {"_type": "tag", "name": "content", "path": "/home/kavia/workspace/code-generation/simple-notes-320658-320667/notes_app_frontend/src/App.js", "pattern": "/^      content: \"\",$/", "language": "JavaScript", "kind": "property", "scope": "App.newNote", "scopeKind": "class"}, {"_type": "tag", "name": "createId", "path": "/home/kavia/workspace/code-generation/simple-notes-320658-320667/notes_app_frontend/src/App.js", "pattern": "/^function createId() {$/", "language": "JavaScript", "kind": "function", "signature": "()"}, {"_type": "tag", "name": "createdAt", "path": "/home/kavia/workspace/code-generation/simple-notes-320658-320667/notes_app_frontend/src/App.js", "pattern": "/^      createdAt: now,$/", "language": "JavaScript", "kind": "property", "scope": "App.newNote", "scopeKind": "class"}, {"_type": "tag", "name": "formatTimestamp", "path": "/home/kavia/workspace/code-generation/simple-notes-320658-320667/notes_app_frontend/src/App.js", "pattern": "/^function formatTimestamp(ts) {$/", "language": "JavaScript", "kind": "function", "signature": "(ts)"}, {"_type": "tag", "name": "id", "path": "/home/kavia/workspace/code-generation/simple-notes-320658-320667/notes_app_frontend/src/App.js", "pattern": "/^      id: createId(),$/", "language": "JavaScript", "kind": "property", "scope": "App.newNote", "scopeKind": "class"}, {"_type": "tag", "name": "makePreview", "path": "/home/kavia/workspace/code-generation/simple-notes-320658-320667/notes_app_frontend/src/App.js", "pattern": "/^function makePreview(text, maxLen = 140) {$/", "language": "JavaScript", "kind": "function", "signature": "(text, maxLen = 140)"}, {"_type": "tag", "name": "newNote", "path": "/home/kavia/workspace/code-generation/simple-notes-320658-320667/notes_app_frontend/src/App.js", "pattern": "/^    const newNote = {$/", "language": "JavaScript", "kind": "class", "scope": "App", "scopeKind": "class"}, {"_type": "tag", "name": "query", "path": "/home/kavia/workspace/code-generation/simple-notes-320658-320667/notes_app_frontend/src/App.js", "pattern": "/^                value={query}$/", "language": "JavaScript", "kind": "field", "scope": "App.value", "scopeKind": "class"}, {"_type": "tag", "name": "safeParseJson", "path": "/home/kavia/workspace/code-generation/simple-notes-320658-320667/notes_app_frontend/src/App.js", "pattern": "/^function safeParseJson(value, fallback) {$/", "language": "JavaScript", "kind": "function", "signature": "(value, fallback)"}, {"_type": "tag", "name": "sortNotes", "path": "/home/kavia/workspace/code-generation/simple-notes-320658-320667/notes_app_frontend/src/App.js", "pattern": "/^function sortNotes(notes) {$/", "language": "JavaScript", "kind": "function", "signature": "(notes)"}, {"_type": "tag", "name": "title", "path": "/home/kavia/workspace/code-generation/simple-notes-320658-320667/notes_app_frontend/src/App.js", "pattern": "/^      title: \"Untitled note\",$/", "language": "JavaScript", "kind": "property", "scope": "App.newNote", "scopeKind": "class"}, {"_type": "tag", "name": "updatedAt", "path": "/home/kavia/workspace/code-generation/simple-notes-320658-320667/notes_app_frontend/src/App.js", "pattern": "/^      updatedAt: now,$/", "language": "JavaScript", "kind": "property", "scope": "App.newNote", "scopeKind": "class"}], "hash": "949feccda3dd2d847e226c0f02c55cbc", "format-version": 4, "code-base-name": "notes_app_frontend", "filename": "notes_app_frontend/src/App.js", "fields": [{"name": "content: \"\",", "scope": "App.newNote", "scopeKind": "class", "description": "unavailable"}, {"name": "createdAt: now,", "scope": "App.newNote", "scopeKind": "class", "description": "unavailable"}, {"name": "id: createId(),", "scope": "App.newNote", "scopeKind": "class", "description": "unavailable"}, {"name": "value={query}", "scope": "App.value", "scopeKind": "class", "description": "unavailable"}, {"name": "title: \"Untitled note\",", "scope": "App.newNote", "scopeKind": "class", "description": "unavailable"}, {"name": "updatedAt: now,", "scope": "App.newNote", "scopeKind": "class", "description": "unavailable"}]}