{"is_source_file": false, "format": "", "description": "", "external_files": [], "external_methods": [], "published": [], "classes": [], "methods": [], "calls": [], "search-terms": [], "state": 2, "file_id": 9, "knowledge_revision": 28, "git_revision": "e0b1f8a4757e6bdb745336fb8ec02e6b2cd99254", "hash": "72ff055d0b1a4bdf39236dd86c5edc0f", "format-version": 4, "code-base-name": "notes_app_frontend", "filename": "notes_app_frontend/src/index.css", "revision_history": [{"28": "e0b1f8a4757e6bdb745336fb8ec02e6b2cd99254"}]}