{"is_source_file": false, "format": "", "description": "", "external_files": [], "external_methods": [], "published": [], "classes": [], "methods": [], "calls": [], "search-terms": [], "state": 2, "file_id": 2, "knowledge_revision": 15, "git_revision": "e0b1f8a4757e6bdb745336fb8ec02e6b2cd99254", "hash": "be6538e7523bc2e9da0743133d784136", "format-version": 4, "code-base-name": "notes_app_frontend", "filename": "notes_app_frontend/eslint.config.mjs", "revision_history": [{"15": "e0b1f8a4757e6bdb745336fb8ec02e6b2cd99254"}]}