{"is_source_file": true, "format": "JavaScript (React JSX)", "description": "This file initializes and renders the main React application component into the DOM. It imports React and ReactDOM, as well as styles and the main App component, then mounts the app into the element with id 'root'.", "external_files": ["./App", "./index.css"], "external_methods": ["ReactDOM.createRoot", "React.StrictMode", "root.render"], "published": [], "classes": [], "methods": [{"name": "ReactDOM.createRoot", "description": "Creates a root for rendering a React component tree into a DOM element."}, {"name": "root.render", "description": "Renders React elements into the created root."}], "calls": ["ReactDOM.createRoot", "root.render", "React.StrictMode", "<App />"], "search-terms": ["index.js", "ReactDOM", "createRoot", "React.StrictMode", "render", "App component", "React imports"], "state": 2, "file_id": 10, "knowledge_revision": 24, "git_revision": "e0b1f8a4757e6bdb745336fb8ec02e6b2cd99254", "ctags": [{"_type": "tag", "name": "root", "path": "/home/kavia/workspace/code-generation/simple-notes-320658-320667/notes_app_frontend/src/index.js", "pattern": "/^const root = ReactDOM.createRoot(document.getElementById('root'));$/", "language": "JavaScript", "kind": "constant"}], "hash": "9fc5841375336fc175b49f8767a11383", "format-version": 4, "code-base-name": "notes_app_frontend", "filename": "notes_app_frontend/src/index.js", "revision_history": [{"24": "e0b1f8a4757e6bdb745336fb8ec02e6b2cd99254"}]}