{"is_source_file": false, "format": "", "description": "", "external_files": [], "external_methods": [], "published": [], "classes": [], "methods": [], "calls": [], "search-terms": [], "state": 2, "file_id": 1, "knowledge_revision": 18, "git_revision": "0b4693d6476bf85e064e8e74be6237dc4fbf40f3", "hash": "59edf3047a5054b835e449705e6bfcb2", "format-version": 4, "code-base-name": "notes_app_frontend", "filename": "README.md", "revision_history": [{"18": "0b4693d6476bf85e064e8e74be6237dc4fbf40f3"}]}